{"modellist":[{"location":"models/mmd/るいのれ式物述有栖_配布用フォルダ/物述有栖.pmx","line_locationx_1":-1.557436748562829,"line_locationy_1":7.980087334977215,"line_locationx_2":-0.26860128509465164,"line_locationy_2":8.162277673562865,"line_locationx_3":-1.6055759924741921,"line_locationy_3":8.400137282271908,"line_locationx_4":-0.7553425290873211,"line_locationy_4":8.106608403439472},{"location":"models/mmd/kizunaai/kizunaai.pmx","line_locationx_1":-1.5582136615699518,"line_locationy_1":5.324707046560556,"line_locationx_2":-0.3057466630876396,"line_locationy_2":5.426522621167512,"line_locationx_3":-1.5871852843466103,"line_locationy_3":5.583161966716675,"line_locationx_4":-0.7692926275141796,"line_locationy_4":5.422606637528784},{"location":"models/mmd/『天宮こころ(Kokoro Amamiya)』/『天宮こころ(Kokoro Amamiya)』.pmx","line_locationx_1":-1.5168256290318678,"line_locationy_1":4.345711136878285,"line_locationx_2":-0.318163072849065,"line_locationy_2":4.521930400621094,"line_locationx_3":-1.5375196453009097,"line_locationy_3":4.745141468028652,"line_locationx_4":-0.7775702340217966,"line_locationy_4":4.568922204285843}]}